time (secs),lambda_main,lambda_q1,lambda_q2,lambda_q3,delay_q1,delay_q2,delay_q3
1,0.1,0.1,0.1,0.1,12.18638704,2.761446236,3.909118637
2,0.09,0.09,0.09,0.09,10.86262546,2.68723956,3.762055428
3,0.102,0.102,0.102,0.102,12.49082305,2.776782105,3.939921882
4,0.1116,0.1116,0.1116,0.1116,14.19269624,2.852830311,4.094800547
5,0.11672,0.11672,0.11672,0.11672,15.30484755,2.895117824,4.182487992